Species,Length,Weight,Category
Acroteriobatus annulatus,140,20463.398751342673,Vulnerable
Acroteriobatus blochii,100,8302.228700297239,Least Concern
Acroteriobatus leucospilus,120,13535.898739951816,Endangered
Acroteriobatus salalah,78,4264.7160853657715,Near Threatened
Acroteriobatus variegatus,75,3839.035531864086,Critically Endangered
Acroteriobatus zanzibarensis,75,3839.035531864086,Near Threatened
Aculeola nigra,60,2110.557690505931,Near Threatened
Aetobatus flagellum,72,13930,Endangered
Aetobatus narinari,330,230000,Near Threatened
Aetobatus ocellatus,152.8,200000,Vulnerable
Aetomylaeus caeruleofasciatus,59.1,2026.7451451298573,Least Concern
Aetomylaeus maculatus,200,53245.70254992961,Endangered
Aetomylaeus nichofii,65,2615.758950533419,Vulnerable
Aetomylaeus vespertilio,240,86811.44112877037,Endangered
Alopias pelagicus,428,409406.8603929754,Endangered
Alopias superciliosus,487.985,363800,Vulnerable
Alopias vulpinus,573.3,348000,Vulnerable
Amblyraja badia,86,5540.881341676957,Least Concern
Amblyraja doellojuradoi,69,3069.9681821445706,Least Concern
Amblyraja hyperborea,112,11250.00882384768,Least Concern
Amblyraja jenseni,74.25,3736.9705551005554,Least Concern
Amblyraja radiata,105,11400,Vulnerable
Amblyraja robertsi,77,4119.700070759574,Least Concern
Anacanthobatis marmorata,29,300.4920009689459,Near Threatened
Anoxypristis cuspidata,470,526202.0921501601,Endangered
Apristurus albisoma,59.6,2073.044731659671,Least Concern
Apristurus ampliceps,85.5,5454.932943878653,Least Concern
Apristurus australis,61.6,2264.856523142822,Least Concern
Apristurus breviventralis,48.5,1192.9949161270056,Least Concern
Apristurus canutus,43,863.9507396240134,Least Concern
Apristurus exsanguis,90.8,6409.422361070702,Least Concern
Apristurus garricki,67.5,2894.289539070447,Least Concern
Apristurus gibbosus,388,314708.3022587701,Least Concern
Apristurus herklotsi,48.5,1192.9949161270056,Least Concern
Apristurus indicus,34,460.30467823974953,Least Concern
Apristurus internatus,40.3,726.0728847661436,Least Concern
Apristurus investigatoris,26,224.22443949258994,Least Concern
Apristurus laurussonii,76,3977.81580608374,Least Concern
Apristurus longicephalus,60,2110.557690505931,Least Concern
Apristurus manis,85,5369.82536249275,Least Concern
Apristurus melanoasper,76.1,1288,Least Concern
Apristurus microps,61,2206.19396173106,Least Concern
Apristurus micropterygeus,37.2,585.8409508638068,Least Concern
Apristurus nakayai,67.6,2905.799953969871,Least Concern
Apristurus nasutus,70,3190.7141474884793,Least Concern
Apristurus parvipinnis,48,1160.305427751751,Least Concern
Apristurus pinguis,83.5,5119.513964126872,Least Concern
Apristurus platyrhynchus,80,4564.253830503943,Least Concern
Apristurus profundorum,54.2,1607.0213250123793,Least Concern
Apristurus riveri,46,1035.1816531783882,Least Concern
Apristurus saldanha,88,5893.149921716592,Least Concern
Apristurus sibogae,21,126.4737990051516,Least Concern
Aptychotrema rostrata,100,8302.228700297239,Least Concern
Aptychotrema timorensis,58.2,1945.0510176134171,Vulnerable
Aptychotrema vincentiana,84,5202.119234199062,Least Concern
Asymbolus analis,90,6259.1381295637975,Least Concern
Asymbolus galacticus,47.7,1140.964372066321,Least Concern
Asymbolus occiduus,60.1,2120.0019152495515,Least Concern
Asymbolus pallidus,43.9,913.2891124714267,Least Concern
Asymbolus parvus,34.9,493.7037821525096,Least Concern
Asymbolus rubiginosus,39.3,678.7702289821198,Least Concern
Asymbolus submaculatus,41.4,780.4344098834281,Least Concern
Asymbolus vincenti,61,2206.19396173106,Least Concern
Atelomycterus baliensis,47.4,1121.8267308199436,Vulnerable
Atelomycterus fasciatus,45,975.9434795636485,Least Concern
Atelomycterus macleayi,60,2110.557690505931,Least Concern
Atelomycterus marmoratus,70,3190.7141474884793,Near Threatened
Atlantoraja castelnaui,132,17476.91595646936,Critically Endangered
Atlantoraja cyclophora,78.9,4397.930995414298,Endangered
Atlantoraja platana,81.6,4813.130777146255,Endangered
Bathyraja albomaculata,14.4,45.99228532257332,Vulnerable
Bathyraja aleutica,161,23100,Least Concern
Bathyraja andriashevi,75.6,3921.932775972169,Least Concern
Bathyraja brachyurops,64.2,2530.33435949998,Near Threatened
Bathyraja cousseauae,86,5540.881341676957,Least Concern
Bathyraja eatonii,100,8302.228700297239,Least Concern
Bathyraja fedorovi,73.3,3610.1537613967453,Least Concern
Bathyraja griseocauda,49,1226.2558812212246,Endangered
Bathyraja interrupta,86,5540.881341676957,Least Concern
Bathyraja irrasa,120,13535.898739951816,Vulnerable
Bathyraja isotrachys,76.2,4005.943449811074,Least Concern
Bathyraja leucomelanos,88.8,6037.88696505196,Least Concern
Bathyraja lindbergi,60.7,2177.2238464066586,Least Concern
Bathyraja maccaini,120,13535.898739951816,Least Concern
Bathyraja maculata,115,8500,Least Concern
Bathyraja mariposa,76,3977.81580608374,Least Concern
Bathyraja matsubarai,126,10600,Least Concern
Bathyraja meridionalis,120,13535.898739951816,Least Concern
Bathyraja minispinosa,82.5,4956.7821563451735,Least Concern
Bathyraja murrayi,60,2110.557690505931,Least Concern
Bathyraja pacifica,122.4,14273.976260081059,Least Concern
Bathyraja pallida,160,29272.489423555493,Least Concern
Bathyraja panthera,111,10982.71925969339,Least Concern
Bathyraja parmifera,129,18200,Least Concern
Bathyraja richardsoni,175,37222.25422337344,Least Concern
Bathyraja scaphiops,111,10982.71925969339,Least Concern
Bathyraja smirnovi,101.5,8640.33861933733,Near Threatened
Bathyraja smithii,120,13535.898739951816,Least Concern
Bathyraja spinicauda,170,34438.9602259596,Near Threatened
Bathyraja spinosissima,150,24621.35787718393,Least Concern
Bathyraja taranetzi,70,3190.7141474884793,Least Concern
Bathyraja trachura,91,5000,Least Concern
Bathyraja violacea,102,8754.927740707097,Least Concern
Bathytoshia brevicaudata,430,414556.2736240206,Least Concern
Bathytoshia centroura,300,300000,Vulnerable
Bathytoshia lata,100,8302.228700297239,Least Concern
Benthobatis kreffti,30,329.08444799503474,Vulnerable
Benthobatis marcida,50,1294.5082530821128,Least Concern
Benthobatis moresbyi,35.12,502.0920864063904,Least Concern
Benthobatis yangi,21.5,134.7097752992085,Vulnerable
Beringraja binoculata,244,91000,Least Concern
Beringraja cortezensis,39,664.9672478138765,Least Concern
Beringraja pulchra,115,12076.22898225078,Endangered
Beringraja rhina,180,40142.49897184172,Least Concern
Brachaelurus colcloughi,76,3977.81580608374,Vulnerable
Brachaelurus waddi,122,14149.254579023715,Least Concern
Breviraja claramaculata,29.4,311.7336168475971,Least Concern
Breviraja colesi,40,711.6720661450178,Least Concern
Breviraja mouldi,41,760.3816301145959,Least Concern
Breviraja nigriventralis,40,711.6720661450178,Least Concern
Breviraja spinosa,23.6,172.94679007805652,Least Concern
Brevitrygon walga,45,975.9434795636485,Near Threatened
Bythaelurus canescens,70,3190.7141474884793,Vulnerable
Bythaelurus dawsoni,45,975.9434795636485,Least Concern
Bythaelurus giddingsi,45.3,993.4853553943161,Least Concern
Bythaelurus hispidus,26,224.22443949258994,Near Threatened
Bythaelurus immaculatus,71,3314.395020665394,Least Concern
Bythaelurus tenuicephalus,300,157907.17712425409,Least Concern
Callorhinchus callorynchus,89.2,6111.0829137369965,Vulnerable
Callorhinchus capensis,122,5250,Least Concern
Callorhinchus milii,125,15101.482948074536,Least Concern
Carcharhinus acronotus,200,18860,Near Threatened
Carcharhinus albimarginatus,300,162200,Vulnerable
Carcharhinus altimus,300,167800,Near Threatened
Carcharhinus amblyrhynchoides,161,29765.58439873757,Near Threatened
Carcharhinus amblyrhynchos,255,33700,Endangered
Carcharhinus borneensis,70,3190.7141474884793,Endangered
Carcharhinus brachyurus,325,304600,Vulnerable
Carcharhinus brevipinna,300,89700,Vulnerable
Carcharhinus cautus,150,24621.35787718393,Least Concern
Carcharhinus cerdale,140,20463.398751342673,Critically Endangered
Carcharhinus coatesi,87,5715.313963794572,Least Concern
Carcharhinus dussumieri,121,13840.446299115116,Endangered
Carcharhinus falciformis,350,346000,Vulnerable
Carcharhinus fitzroyensis,135,18562.302419493753,Least Concern
Carcharhinus galapagensis,370,85450,Least Concern
Carcharhinus hemiodon,200,53245.70254992961,Critically Endangered
Carcharhinus isodon,190,46404.42996259875,Least Concern
Carcharhinus leiodon,75,3839.035531864086,Endangered
Carcharhinus leucas,360,316500,Near Threatened
Carcharhinus limbatus,275,122750,Near Threatened
Carcharhinus longimanus,400,167370,Critically Endangered
Carcharhinus macloti,110,10719.447303356466,Near Threatened
Carcharhinus melanopterus,200,53245.70254992961,Vulnerable
Carcharhinus obscurus,420,346540,Endangered
Carcharhinus perezi,300,69850,Near Threatened
Carcharhinus plumbeus,180,117930,Vulnerable
Carcharhinus porosus,150,24621.35787718393,Critically Endangered
Carcharhinus sealei,100,8302.228700297239,Near Threatened
Carcharhinus signatus,280,76650,Vulnerable
Carcharhinus sorrah,160,28000,Near Threatened
Carcharhinus tilstoni,200,52000,Least Concern
Carcharhinus tjutjot,93.7,6973.099542599098,Vulnerable
Carcharias taurus,330,158810,Vulnerable
Carcharodon carcharias,640,1204035.7881316107,Vulnerable
Centrophorus atromarginatus,87,5715.313963794572,Critically Endangered
Centrophorus granulosus,170,34438.9602259596,Endangered
Centrophorus harrissoni,111.4,11089.15159229758,Endangered
Centrophorus isodon,108,10204.857391860778,Endangered
Centrophorus lesliei,76.5,4048.368201935196,Endangered
Centrophorus longipinnis,77.5,4191.814878859235,Endangered
Centrophorus moluccensis,100,2400,Vulnerable
Centrophorus seychellorum,79.7,4518.508868775556,Least Concern
Centrophorus squamosus,164,31276.010798012434,Endangered
Centrophorus uyato,110,7340,Endangered
Centroscyllium fabricii,107,9953.489845498221,Least Concern
Centroscyllium granulatum,28,273.50994676164095,Vulnerable
Centroscyllium kamoharai,60,2110.557690505931,Least Concern
Centroscyllium nigrum,51,1365.0944372415463,Least Concern
Centroscyllium ornatum,30,329.08444799503474,Least Concern
Centroscymnus coelolepis,120,13535.898739951816,Near Threatened
Centroscymnus owstonii,121,13840.446299115116,Vulnerable
Cephaloscyllium albipinnum,101.3,8594.767755042694,Critically Endangered
Cephaloscyllium fasciatum,42,811.1299417645272,Critically Endangered
Cephaloscyllium hiscosellum,46.3,1053.3815884603657,Least Concern
Cephaloscyllium isabellum,100,8302.228700297239,Least Concern
Cephaloscyllium laticeps,150,24621.35787718393,Least Concern
Cephaloscyllium silasi,36,536.5371065716666,Critically Endangered
Cephaloscyllium sufflans,110,10719.447303356466,Near Threatened
Cephaloscyllium variegatum,72,3441.039293761209,Near Threatened
Cephaloscyllium ventriosum,110,10719.447303356466,Least Concern
Cephalurus cephalus,28,273.50994676164095,Least Concern
Cetorhinus maximus,1520,4000000,Endangered
Chaenogaleus macrostoma,100,8302.228700297239,Vulnerable
Chiloscyllium arabicum,80,4564.253830503943,Near Threatened
Chiloscyllium burmensis,57.5,1882.961629697499,Vulnerable
Chiloscyllium griseum,77,4119.700070759574,Vulnerable
Chiloscyllium indicum,65,2615.758950533419,Vulnerable
Chiloscyllium plagiosum,83,5037.73606403926,Near Threatened
Chiloscyllium punctatum,132,17476.91595646936,Near Threatened
Chimaera argiloba,91.2,6485.404570389829,Least Concern
Chimaera carophila,103.5,9104.396905067562,Least Concern
Chimaera cubana,75,3839.035531864086,Least Concern
Chimaera fulva,100,8302.228700297239,Least Concern
Chimaera lignaria,142,21256.616479018347,Least Concern
Chimaera macrospina,93.9,7013.07627105578,Least Concern
Chimaera monstrosa,150,2500,Vulnerable
Chimaera notafricana,83.7,5152.45659882956,Least Concern
Chimaera opalescens,96.8,7608.958066206801,Least Concern
Chimaera panthera,129,16432.216865280418,Least Concern
Chimaera phantasma,100,8302.228700297239,Vulnerable
Chlamydoselachus africana,99,8081.504830369964,Least Concern
Chlamydoselachus anguineus,200,53245.70254992961,Least Concern
Cirrhigaleus barbifer,126,15427.57300583775,Least Concern
Cirrhoscyllium formosanum,39,664.9672478138765,Vulnerable
Cruriraja hulleyi,58,1927.1822398307118,Least Concern
Cruriraja parcomaculata,55,1671.4081849102683,Least Concern
Cruriraja poeyi,32.8,418.0292898666019,Least Concern
Dactylobatus armatus,32,391.25059923352364,Least Concern
Dactylobatus clarkii,59,2017.5638085501866,Least Concern
Dalatias licha,182,41349.5381854191,Vulnerable
Dasyatis chrysonota,75,3839.035531864086,Near Threatened
Dasyatis hypostigma,65,2615.758950533419,Endangered
Deania calcea,122,14149.254579023715,Near Threatened
Deania profundorum,79,4412.891494636824,Near Threatened
Deania quadrispinosa,115,12076.22898225078,Vulnerable
Dentiraja lemprieri,55,1671.4081849102683,Least Concern
Diplobatis colombiensis,17,71.77207788702914,Vulnerable
Diplobatis guamachensis,20,110.96603049247985,Vulnerable
Diplobatis ommata,25,201.84358655859572,Least Concern
Dipturus acrobelus,95,7235.517080371959,Least Concern
Dipturus apricus,65.9,2713.9970536220458,Least Concern
Dipturus batis,285,97070,Critically Endangered
Dipturus bullisi,48,1160.305427751751,Least Concern
Dipturus campbelli,66,2725.0528455403864,Near Threatened
Dipturus canutus,79.5,4488.172580354778,Endangered
Dipturus chinensis,68,2952.1285024366134,Vulnerable
Dipturus crosnieri,61,2206.19396173106,Vulnerable
Dipturus garricki,107,9953.489845498221,Least Concern
Dipturus grahami,62.2,2324.4875525634156,Least Concern
Dipturus gudgeri,184,42579.08302944173,Near Threatened
Dipturus innominatus,240,86811.44112877037,Least Concern
Dipturus laevis,163,18000,Least Concern
Dipturus mennii,167,32833.60740524421,Critically Endangered
Dipturus nidarosiensis,200,53245.70254992961,Near Threatened
Dipturus olseni,69,3069.9681821445706,Least Concern
Dipturus oregoni,144,22068.839743196844,Least Concern
Dipturus oxyrinchus,150,24621.35787718393,Near Threatened
Dipturus pullopunctatus,130,16775.96800211394,Least Concern
Dipturus springeri,192,47725.67307009644,Least Concern
Dipturus teevani,84,5202.119234199062,Least Concern
Dipturus wengi,112.2,11303.95101713392,Least Concern
Discopyge tschudii,53.8,1575.4206352049578,Least Concern
Echinorhinus brucus,310,172417.6942500732,Endangered
Electrolux addisoni,52,1800,Least Concern
Eridacnis barbouri,200,53245.70254992961,Least Concern
Eridacnis radcliffei,23,161.40860988696107,Least Concern
Etmopterus alphus,33.6,445.92880747824216,Least Concern
Etmopterus benchleyi,32.5,407.856934779174,Least Concern
Etmopterus bigelowi,67,2837.166353563241,Least Concern
Etmopterus burgessi,35.5,516.7903539048499,Least Concern
Etmopterus carteri,21.2,129.72911849173065,Least Concern
Etmopterus caudistigmus,31.4,371.8908845078053,Least Concern
Etmopterus compagnoi,78,4264.7160853657715,Least Concern
Etmopterus decacuspidatus,29,300.4920009689459,Least Concern
Etmopterus dianthus,40.9,755.4194890124962,Least Concern
Etmopterus dislineatus,44.8,964.3575614257306,Least Concern
Etmopterus evansi,26.2,228.87875250717983,Least Concern
Etmopterus fusus,25.8,219.62992631923836,Least Concern
Etmopterus gracilispinis,35,497.50566338913507,Least Concern
Etmopterus granulosus,74.9,3825.3271517053076,Least Concern
Etmopterus hillianus,50,1294.5082530821128,Least Concern
Etmopterus joungi,40.6,740.655052925275,Least Concern
Etmopterus lucifer,47,1096.6247904793313,Least Concern
Etmopterus marshae,23.4,169.04517924902422,Least Concern
Etmopterus perryi,17,71.77207788702914,Least Concern
Etmopterus princeps,75,3839.035531864086,Least Concern
Etmopterus pseudosqualiolus,45.3,993.4853553943161,Least Concern
Etmopterus pusillus,50,1294.5082530821128,Least Concern
Etmopterus robinsi,31,359.32490701302584,Least Concern
Etmopterus samadiae,26.5,235.97303103701194,Least Concern
Etmopterus schultzi,27,248.10025002303675,Least Concern
Etmopterus sculptus,4.55,2.095059754601085,Least Concern
Etmopterus sentosus,27,248.10025002303675,Least Concern
Etmopterus spinax,60,850,Least Concern
Etmopterus splendidus,30,329.08444799503474,Least Concern
Etmopterus viator,39.1,669.5484907354416,Least Concern
Etmopterus villosus,46,1035.1816531783882,Least Concern
Etmopterus virens,23,161.40860988696107,Least Concern
Eucrossorhinus dasypogon,366,269116.7552281557,Least Concern
Euprotomicroides zantedeschia,42,811.1299417645272,Least Concern
Euprotomicrus bispinatus,30.5,343.9963405559438,Least Concern
Eusphyra blochii,186,43831.30165587511,Endangered
Fenestraja sinusmexicanus,37.5,598.5938666921585,Least Concern
Figaro boardmani,61,2206.19396173106,Least Concern
Fluvitrygon kittipongi,26.8,243.20361600797486,Endangered
Fluvitrygon signifer,60,2110.557690505931,Endangered
Fontitrygon colarensis,207,58390.34637607264,Critically Endangered
Fontitrygon garouaensis,40,711.6720661450178,Vulnerable
Fontitrygon geijskesi,150,24621.35787718393,Critically Endangered
Fontitrygon margarita,100,20000,Endangered
Fontitrygon ukpam,120,13535.898739951816,Endangered
Furgaleus macki,160,12900,Least Concern
Galeocerdo cuvier,750,807400,Near Threatened
Galeorhinus galeus,193,44670,Critically Endangered
Galeus arae,36,536.5371065716666,Least Concern
Galeus corriganae,37.2,585.8409508638068,Least Concern
Galeus eastmani,40,711.6720661450178,Least Concern
Galeus melastomus,75,1370,Least Concern
Galeus mincaronei,40.4,730.9134121398802,Vulnerable
Galeus murinus,63,2405.513182305948,Least Concern
Galeus piperatus,29,300.4920009689459,Least Concern
Galeus polli,45,975.9434795636485,Least Concern
Galeus priapus,44.6,952.8582688668166,Least Concern
Galeus sauteri,38,620.2329008392073,Least Concern
Galeus springeri,31.8,384.7288684497627,Least Concern
Glaucostegus cemiculus,242,49900,Critically Endangered
Glaucostegus granulatus,280,131240.42740903815,Critically Endangered
Glaucostegus halavi,120,13535.898739951816,Critically Endangered
Glaucostegus obtusus,93,6834.3072426841945,Critically Endangered
Glaucostegus thouin,300,157907.17712425409,Critically Endangered
Glaucostegus typus,270,119047.89291516595,Critically Endangered
Glyphis gangeticus,204,56149.05288156271,Critically Endangered
Glyphis garricki,145,22482.135330804656,Critically Endangered
Glyphis glyphis,100,8302.228700297239,Endangered
Gollum attenuatus,107,9953.489845498221,Least Concern
Gollum suluensis,58.5,1972.04837111333,Least Concern
Gurgesiella atlantica,50,1294.5082530821128,Least Concern
Gurgesiella dorsalifera,53,1513.394809269974,Vulnerable
Gurgesiella furvescens,52,1438.0461247977532,Least Concern
Gymnura altavela,400,60000,Vulnerable
Gymnura australis,94,7400,Least Concern
Gymnura crebripunctata,31,359.32490701302584,Near Threatened
Gymnura marmorata,100,8302.228700297239,Near Threatened
Gymnura natalensis,250,82600,Least Concern
Gymnura poecilura,250,96852.19453027385,Near Threatened
Gymnura zonura,106,9706.04072278947,Vulnerable
Halaelurus boesemani,48,1160.305427751751,Vulnerable
Halaelurus buergeri,49,1226.2558812212246,Endangered
Halaelurus lineatus,56,1754.1349191206955,Least Concern
Halaelurus maculosus,45.7,1017.1801661730119,Near Threatened
Halaelurus natalensis,45,975.9434795636485,Vulnerable
Halaelurus sellus,35.3,509.02127857440894,Least Concern
Haploblepharus edwardsii,59,2017.5638085501866,Endangered
Haploblepharus fuscus,69,3069.9681821445706,Vulnerable
Haploblepharus pictus,57,1839.382745288542,Least Concern
Harriotta haeckeli,74,3703.331371891116,Least Concern
Harriotta raleighana,120,13535.898739951816,Least Concern
Hemigaleus australiensis,110,10719.447303356466,Least Concern
Hemigaleus microstoma,114,11796.739172892238,Vulnerable
Hemipristis elongata,240,86811.44112877037,Vulnerable
Hemiscyllium freycineti,72,3441.039293761209,Near Threatened
Hemiscyllium galei,56.75,1817.832761281592,Vulnerable
Hemiscyllium hallstromi,77,4119.700070759574,Vulnerable
Hemiscyllium halmahera,68.1,2963.782506014762,Near Threatened
Hemiscyllium henryi,78.3,4308.835716840016,Vulnerable
Hemiscyllium michaeli,69.5,3129.9760871464246,Vulnerable
Hemiscyllium ocellatum,107,9953.489845498221,Least Concern
Hemiscyllium strahani,80,4564.253830503943,Vulnerable
Hemiscyllium trispeculare,79,4412.891494636824,Least Concern
Hemitriakis complicofasciata,81,4718.830513974733,Vulnerable
Hemitriakis japanica,110,10719.447303356466,Least Concern
Hemitrygon akajei,200,10650,Near Threatened
Hemitrygon fluviorum,130,6120,Vulnerable
Hemitrygon izuensis,41.82,801.8432721295692,Near Threatened
Hemitrygon laevigata,37,577.4344694502713,Vulnerable
Hemitrygon laosensis,62,6000,Endangered
Hemitrygon navarrae,32,391.25059923352364,Vulnerable
Heptranchias perlo,137,19308.807587237734,Near Threatened
Heterodontus galeatus,152,25511.41444725081,Least Concern
Heterodontus japonicus,120,13535.898739951816,Least Concern
Heterodontus mexicanus,170,34438.9602259596,Least Concern
Heterodontus portusjacksoni,165,31789.9395245646,Least Concern
Heterodontus quoyi,107,9953.489845498221,Least Concern
Heterodontus zebra,125,15101.482948074536,Least Concern
Heteronarce garmani,25,201.84358655859572,Near Threatened
Heteroscymnoides marleyi,29,300.4920009689459,Least Concern
Hexanchus griseus,482,590000,Near Threatened
Hexanchus nakamurai,180,40142.49897184172,Near Threatened
Hexatrygon bickelli,143,21660.341030477317,Least Concern
Himantura uarnak,200,120000,Vulnerable
Himantura undulata,410,364859.8938055748,Endangered
Holohalaelurus favus,51.5,301.3,Endangered
Holohalaelurus melanostigma,38.4,637.8923882187007,Least Concern
Holohalaelurus punctatus,35,497.50566338913507,Endangered
Holohalaelurus regani,69,3069.9681821445706,Least Concern
Hongeo koreana,76,3977.81580608374,Critically Endangered
Hydrolagus affinis,130,16775.96800211394,Least Concern
Hydrolagus africanus,67,2837.166353563241,Least Concern
Hydrolagus alberti,54,1591.1717915957704,Least Concern
Hydrolagus alphus,41.9,805.962403378774,Least Concern
Hydrolagus bemisi,111.5,11115.860300591916,Least Concern
Hydrolagus colliei,100,8302.228700297239,Least Concern
Hydrolagus homonycteris,108.5,10332.01835970101,Least Concern
Hydrolagus lusitanicus,95.4,7317.486878304798,Least Concern
Hydrolagus macrophthalmus,63.9,2498.757502252429,Least Concern
Hydrolagus marmoratus,80.1,4579.566401713213,Least Concern
Hydrolagus matallanasi,69.5,3129.9760871464246,Vulnerable
Hydrolagus melanophasma,120,13535.898739951816,Least Concern
Hydrolagus mirabilis,38,620.2329008392073,Least Concern
Hydrolagus novaezealandiae,96,7441.529245144339,Least Concern
Hydrolagus trolli,111.5,11115.860300591916,Least Concern
Hypanus americanus,200,135630,Near Threatened
Hypanus dipterurus,122,14149.254579023715,Vulnerable
Hypanus guttatus,200,53245.70254992961,Near Threatened
Hypanus longus,260,107591.37509614923,Vulnerable
Hypanus marianae,40,711.6720661450178,Endangered
Hypanus sabinus,61,4870,Least Concern
Hypanus say,100,8302.228700297239,Near Threatened
Hypnos monopterygius,70,3190.7141474884793,Least Concern
Hypogaleus hyugaensis,127,15758.042924103507,Least Concern
Iago garricki,75,3839.035531864086,Least Concern
Iago omanensis,37,577.4344694502713,Least Concern
Indobatis ori,42.9,858.574441721128,Least Concern
Irolita waitii,52,1438.0461247977532,Least Concern
Isistius brasiliensis,42,811.1299417645272,Least Concern
Isistius plutodus,42,811.1299417645272,Least Concern
Isogomphodon oxyrhynchus,160,29272.489423555493,Critically Endangered
Isurus oxyrinchus,445,505760,Endangered
Isurus paucus,427,406847.2717402166,Endangered
Lamiopsis temminckii,170,34438.9602259596,Endangered
Lamna ditropis,305,175000,Least Concern
Lamna nasus,350,230000,Vulnerable
Leptocharias smithii,77,4119.700070759574,Near Threatened
Leucoraja circularis,120,13535.898739951816,Endangered
Leucoraja erinacea,54,1591.1717915957704,Least Concern
Leucoraja fullonica,120,13535.898739951816,Vulnerable
Leucoraja garmani,26,224.22443949258994,Least Concern
Leucoraja lentiginosa,43,863.9507396240134,Least Concern
Leucoraja melitensis,50,1294.5082530821128,Critically Endangered
Leucoraja naevus,71,3314.395020665394,Least Concern
Leucoraja ocellata,110,10719.447303356466,Endangered
Leucoraja pristispina,40.1,716.4522458504002,Least Concern
Leucoraja wallacei,100,8302.228700297239,Vulnerable
Loxodon macrorhinus,98,7864.497384813009,Least Concern
Maculabatis ambigua,90,6259.1381295637975,Near Threatened
Maculabatis arabica,45,975.9434795636485,Critically Endangered
Maculabatis astra,180,40142.49897184172,Least Concern
Maculabatis gerrardi,200,53245.70254992961,Endangered
Maculabatis pastinacoides,80,4564.253830503943,Endangered
Maculabatis toshi,86,5540.881341676957,Least Concern
Malacoraja kreffti,70,3190.7141474884793,Least Concern
Malacoraja obscura,68,2952.1285024366134,Least Concern
Malacoraja senta,61,2206.19396173106,Vulnerable
Malacoraja spinacidermis,70,3190.7141474884793,Least Concern
Megachasma pelagios,549,798101.3509037284,Least Concern
Mitsukurina owstoni,617,1091500.4224749028,Least Concern
Mobula alfredi,500,621154.0692780783,Vulnerable
Mobula birostris,910,3000000,Endangered
Mobula hypostoma,120,13535.898739951816,Endangered
Mobula kuhlii,119,30000,Endangered
Mobula mobular,520,1500000,Endangered
Mobula munkiana,220,68748.34736770486,Vulnerable
Mobula tarapacana,328,350000,Endangered
Mobula thurstoni,220,68748.34736770486,Endangered
Mustelus albipinnis,109,10460.16826718824,Least Concern
Mustelus antarcticus,157,30800,Least Concern
Mustelus asterias,140,4760,Least Concern
Mustelus californicus,116,12359.834449978396,Least Concern
Mustelus canis,150,12150,Near Threatened
Mustelus dorsalis,64,2509.255500095302,Vulnerable
Mustelus fasciatus,150,24621.35787718393,Critically Endangered
Mustelus griseus,87,5715.313963794572,Endangered
Mustelus henlei,100,8302.228700297239,Least Concern
Mustelus higmani,70,3190.7141474884793,Endangered
Mustelus lenticulatus,125,15101.482948074536,Least Concern
Mustelus lunulatus,175,37222.25422337344,Least Concern
Mustelus manazo,220,5720,Endangered
Mustelus mento,130,16775.96800211394,Critically Endangered
Mustelus minicanis,47.8,1147.388746001343,Endangered
Mustelus mosis,150,24621.35787718393,Near Threatened
Mustelus mustelus,200,53245.70254992961,Vulnerable
Mustelus palumbes,120,13535.898739951816,Least Concern
Mustelus ravidus,68.3,2987.1769546770965,Least Concern
Mustelus schmitti,92,6639.057580804473,Critically Endangered
Mustelus stevensi,91.9,6619.7274915172875,Least Concern
Myliobatis goodei,125,15101.482948074536,Vulnerable
Myliobatis hamlyni,48,1160.305427751751,Near Threatened
Myliobatis longirostris,95,7235.517080371959,Vulnerable
Myliobatis peruvianus,47,1096.6247904793313,Vulnerable
Myliobatis ridens,63,2405.513182305948,Critically Endangered
Myliobatis tenuicaudatus,150,24621.35787718393,Least Concern
Narcine bancroftii,65,2615.758950533419,Least Concern
Narcine brasiliensis,54,650,Near Threatened
Narcine brevilabiata,32,391.25059923352364,Vulnerable
Narcine entemedor,119,13235.587886639189,Vulnerable
Narcine leoparda,16.5,54.9,Vulnerable
Narcine lingula,35,497.50566338913507,Vulnerable
Narcine maculata,40,711.6720661450178,Vulnerable
Narcine vermiculata,60,2110.557690505931,Least Concern
Narke capensis,38,620.2329008392073,Least Concern
Narke japonica,40,711.6720661450178,Vulnerable
Nasolamia velox,150,24621.35787718393,Endangered
Nebrius ferrugineus,320,187736.85006855972,Vulnerable
Negaprion acutidens,380,297611.22753690375,Vulnerable
Negaprion brevirostris,340,183700,Near Threatened
Neoharriotta carri,59.6,2073.044731659671,Near Threatened
Neoharriotta pinnata,130,16775.96800211394,Near Threatened
Neoharriotta pumila,72.8,3544.5074252779796,Least Concern
Neoraja caerulea,30,329.08444799503474,Least Concern
Neoraja carolinensis,28.5,286.80204199477214,Least Concern
Neoraja iberica,32.7,414.62104025387555,Least Concern
Neoraja stehmanni,35,497.50566338913507,Least Concern
Neotrygon annotata,45,975.9434795636485,Near Threatened
Neotrygon leylandi,25,201.84358655859572,Least Concern
Neotrygon picta,24,180.9182818906009,Least Concern
Notoraja alisae,51.5,1401.2726201790042,Least Concern
Notoraja azurea,64.5,2562.16024834139,Least Concern
Notoraja fijiensis,31,359.32490701302584,Least Concern
Notoraja inusitata,44,918.8775069565609,Least Concern
Notoraja longiventralis,43.4,885.6668635535683,Least Concern
Notoraja martinezi,47.5,1128.1833967694427,Least Concern
Notoraja sticta,62.7,2374.9245076948746,Least Concern
Notoraja tobitukai,50,1294.5082530821128,Least Concern
Notorynchus cepedianus,300,107000,Vulnerable
Odontaspis ferox,450,289000,Vulnerable
Odontaspis noronhai,367,271092.671967055,Least Concern
Okamejei arafurensis,40.7,745.5562343388801,Least Concern
Okamejei boesemani,55,1671.4081849102683,Vulnerable
Okamejei cairae,36,536.5371065716666,Vulnerable
Okamejei heemstrai,51.5,1401.2726201790042,Least Concern
Okamejei hollandi,42,811.1299417645272,Vulnerable
Okamejei leptoura,48.6,1199.6012626232352,Least Concern
Okamejei ornata,41.8,800.8155564439902,Least Concern
Orbiraja jensenae,53.3,1536.4715134552966,Near Threatened
Orbiraja powelli,21,126.4737990051516,Near Threatened
Orectolobus floridus,75,3839.035531864086,Least Concern
Orectolobus halei,256,103210.67607081098,Least Concern
Orectolobus hutchinsi,149,24183.73895355032,Least Concern
Orectolobus japonicus,118,12939.4896603752,Least Concern
Orectolobus maculatus,320,187736.85006855972,Least Concern
Orectolobus ornatus,290,144187.43854507766,Least Concern
Orectolobus parvimaculatus,88.5,5983.352466379283,Least Concern
Orectolobus wardi,63,2405.513182305948,Least Concern
Oxynotus bruniensis,60,2110.557690505931,Near Threatened
Oxynotus caribbaeus,49,1226.2558812212246,Least Concern
Oxynotus centrina,150,24621.35787718393,Vulnerable
Paragaleus leucolomatus,96,7441.529245144339,Vulnerable
Paragaleus randalli,48.3,1179.8507683554262,Near Threatened
Paragaleus tengi,88,5893.149921716592,Endangered
Parascyllium collare,85,5369.82536249275,Least Concern
Parascyllium ferrugineum,80,4564.253830503943,Least Concern
Parascyllium variolatum,91,6447.3432826829485,Least Concern
Parmaturus albimarginatus,57.7,1900.5726538852673,Least Concern
Parmaturus albipenis,41.5,785.4988277442587,Least Concern
Parmaturus campechiensis,16,61.00495999501742,Least Concern
Parmaturus lanatus,36,536.5371065716666,Least Concern
Parmaturus xaniurus,45,975.9434795636485,Least Concern
Pastinachus sephen,183,41961.48688039078,Near Threatened
Pastinachus solocirostris,45,975.9434795636485,Endangered
Pateobatis bleekeri,105,9462.485044081604,Endangered
Pateobatis fai,183,18500,Vulnerable
Pateobatis hortlei,70.7,3276.980895620222,Vulnerable
Pateobatis jenkinsii,130,16775.96800211394,Vulnerable
Pateobatis uarnacoides,119,13235.587886639189,Endangered
Pavoraja alleni,35,497.50566338913507,Least Concern
Pavoraja mosaica,27.9,270.8988522933214,Least Concern
Pavoraja nitida,36.8,569.1040317424287,Least Concern
Pavoraja pseudonitida,37.2,585.8409508638068,Least Concern
Pavoraja umbrosa,36.9,573.2597626345499,Least Concern
Pentanchus profundicolus,51,1365.0944372415463,Least Concern
Platyrhina sinensis,68,2952.1285024366134,Vulnerable
Platyrhinoidis triseriata,91,6447.3432826829485,Least Concern
Plesiobatis daviesi,270,119047.89291516595,Least Concern
Pliotrema warreni,170,34438.9602259596,Least Concern
Poroderma africanum,101,8526.694521776237,Least Concern
Poroderma pantherinum,84,5202.119234199062,Least Concern
Potamotrygon henlei,45,975.9434795636485,Least Concern
Potamotrygon magdalenae,35,755.1,Least Concern
Potamotrygon orbignyi,35,1400,Least Concern
Prionace glauca,400,205930,Near Threatened
Pristiophorus cirratus,137,19308.807587237734,Least Concern
Pristiophorus delicatus,62.5,2354.6682482212736,Least Concern
Pristiophorus lanae,66.9,2825.827291792612,Near Threatened
Pristiophorus nancyae,61.6,2264.856523142822,Least Concern
Pristiophorus nudipinnis,122,14149.254579023715,Least Concern
Pristiophorus schroederi,80,4564.253830503943,Least Concern
Pristis clavata,318,184607.47672897374,Endangered
Pristis pectinata,760,350000,Critically Endangered
Pristis pristis,750,1842114.5921958424,Critically Endangered
Pristis zijsron,730,1713345.2079133072,Critically Endangered
Proscyllium habereri,57,1839.382745288542,Vulnerable
Psammobatis extenta,22.1,145.02685068587942,Least Concern
Psammobatis lentiginosa,49,1226.2558812212246,Least Concern
Psammobatis rutrum,30,329.08444799503474,Least Concern
Pseudobatos glaucostigmus,89,6074.415810642938,Vulnerable
Pseudobatos horkelii,138,19689.003828377507,Critically Endangered
Pseudobatos lentiginosus,75,3839.035531864086,Vulnerable
Pseudobatos leucorhynchus,118,12939.4896603752,Vulnerable
Pseudobatos percellens,100,955.1,Endangered
Pseudobatos planiceps,113.5,11658.530014868356,Vulnerable
Pseudobatos prahli,90,1350,Vulnerable
Pseudobatos productus,119,9750,Near Threatened
Pseudocarcharias kamoharai,110,10719.447303356466,Least Concern
Pseudoginglymostoma brevicaudatum,75,3839.035531864086,Critically Endangered
Pseudotriakis microdon,269,117869.42683802232,Least Concern
Pteroplatytrygon violacea,96,7441.529245144339,Least Concern
Raja asterias,70,3190.7141474884793,Near Threatened
Raja brachyura,120,14280,Near Threatened
Raja clavata,105,18000,Near Threatened
Raja maderensis,85,5369.82536249275,Vulnerable
Raja microocellata,87,4500,Near Threatened
Raja miraletus,63,2405.513182305948,Least Concern
Raja montagui,83.5,5119.513964126872,Least Concern
Raja polystigma,60,2110.557690505931,Least Concern
Raja radula,70,3190.7141474884793,Endangered
Raja undulata,100,8302.228700297239,Endangered
Rajella annandalei,33,424.8983647620584,Least Concern
Rajella barnardi,70,3190.7141474884793,Least Concern
Rajella bathyphila,90,6259.1381295637975,Least Concern
Rajella bigelowi,55,1671.4081849102683,Least Concern
Rajella caudaspinosa,32,391.25059923352364,Least Concern
Rajella challengeri,56.1,1762.5457467332726,Least Concern
Rajella dissimilis,39,664.9672478138765,Least Concern
Rajella eisenhardti,38.45,640.1217139197031,Least Concern
Rajella fyllae,60,2110.557690505931,Least Concern
Rajella leoparda,65,2615.758950533419,Least Concern
Rajella lintea,123,11150,Least Concern
Rajella paucispinosa,47.1,1102.8916317857315,Least Concern
Rajella purpuriventralis,17.4,76.38981368434456,Least Concern
Rajella ravidula,70,3190.7141474884793,Least Concern
Rhina ancylostoma,300,135000,Critically Endangered
Rhincodon typus,1700,34000000,Endangered
Rhinobatos albomaculatus,75,3839.035531864086,Vulnerable
Rhinobatos hynnicephalus,53,1513.394809269974,Endangered
Rhinobatos irvinei,100,8302.228700297239,Vulnerable
Rhinobatos jimbaranensis,89.2,6111.0829137369965,Vulnerable
Rhinobatos penggali,86.4,5610.247696366093,Vulnerable
Rhinobatos punctifer,88,5893.149921716592,Near Threatened
Rhinobatos rhinobatos,147,23323.207734415417,Endangered
Rhinobatos sainsburyi,59.5,2063.7323268431096,Least Concern
Rhinochimaera atlantica,140,20463.398751342673,Least Concern
Rhinochimaera pacifica,165,31789.9395245646,Least Concern
Rhinoptera bonasus,213.3,953,Vulnerable
Rhinoptera javanica,150,4500,Vulnerable
Rhinoptera marginata,200,53245.70254992961,Near Threatened
Rhinoptera steindachneri,90,6259.1381295637975,Near Threatened
Rhizoprionodon acutus,175,5000,Vulnerable
Rhizoprionodon longurio,110,10719.447303356466,Vulnerable
Rhizoprionodon porosus,113,7500,Least Concern
Rhizoprionodon taylori,69.1,3081.911522528145,Least Concern
Rhizoprionodon terraenovae,110,7250,Least Concern
Rhynchobatus australiae,124,14779.74904527942,Critically Endangered
Rhynchobatus cooki,81,4718.830513974733,Critically Endangered
Rhynchobatus djiddensis,310,227000,Critically Endangered
Rhynchobatus immaculatus,99,8081.504830369964,Critically Endangered
Rhynchobatus laevis,270,240000,Critically Endangered
Rhynchobatus luebberti,300,157907.17712425409,Critically Endangered
Rhynchobatus palpebratus,262,109824.69069056366,Near Threatened
Rhynchobatus springeri,215,64638.85023476265,Critically Endangered
Rhynchorhina mauritaniensis,224,72151.06270166118,Critically Endangered
Rioraja agassizii,33,424.8983647620584,Vulnerable
Rostroraja alba,230,77449.96187478467,Endangered
Schroederichthys bivius,70,3190.7141474884793,Least Concern
Schroederichthys chilensis,62,2304.502538807646,Least Concern
Schroederichthys maculatus,33,424.8983647620584,Least Concern
Schroederichthys saurisqualus,58.2,1945.0510176134171,Vulnerable
Schroederichthys tenuis,70,3190.7141474884793,Least Concern
Schroederobatis americana,40,711.6720661450178,Least Concern
Scoliodon laticaudus,100,8302.228700297239,Near Threatened
Scoliodon macrorhynchos,63.6,2467.4288834170093,Near Threatened
Scyliorhinus boa,54,1591.1717915957704,Least Concern
Scyliorhinus cabofriensis,46.8,1084.1582009744955,Least Concern
Scyliorhinus canicula,100,1320,Least Concern
Scyliorhinus capensis,122,14149.254579023715,Near Threatened
Scyliorhinus meadi,49,1226.2558812212246,Least Concern
Scyliorhinus retifer,48,1160.305427751751,Least Concern
Scyliorhinus stellaris,170,34438.9602259596,Near Threatened
Scyliorhinus torazame,50,1294.5082530821128,Least Concern
Scyliorhinus torrei,32,391.25059923352364,Least Concern
Scyliorhinus ugoi,53.4,1544.212459965632,Least Concern
Scylliogaleus quecketti,89,6074.415810642938,Vulnerable
Scymnodon ringens,110,10719.447303356466,Vulnerable
Sinobatis andamanensis,37.9,615.8665141592746,Least Concern
Sinobatis borneensis,39.9,706.9119341205605,Least Concern
Sinobatis bulbicauda,43.3,880.2061260821919,Least Concern
Sinobatis kotlyari,33.1,428.3592627064996,Least Concern
Sinobatis melanosoma,59,2017.5638085501866,Least Concern
Somniosus antarcticus,438,435559.4185117363,Least Concern
Somniosus microcephalus,427,775000,Vulnerable
Somniosus rostratus,143,21660.341030477317,Least Concern
Sphyrna corona,92,6639.057580804473,Critically Endangered
Sphyrna lewini,430,152400,Critically Endangered
Sphyrna media,150,24621.35787718393,Critically Endangered
Sphyrna mokarran,610,449500,Critically Endangered
Sphyrna tiburo,150,10760,Endangered
Sphyrna tudes,134,18195.947281130455,Critically Endangered
Sphyrna zygaena,500,400000,Vulnerable
Spiniraja whitleyi,200,53245.70254992961,Vulnerable
Springeria folirostris,40,711.6720661450178,Least Concern
Springeria longirostris,75,3839.035531864086,Least Concern
Squaliolus aliae,22,143.27412063271612,Least Concern
Squaliolus laticaudus,22,143.27412063271612,Least Concern
Squalus acanthias,95,9100,Vulnerable
Squalus albifrons,74,3703.331371891116,Least Concern
Squalus bassi,96,7441.529245144339,Least Concern
Squalus chloroculus,85.6,5472.055250967832,Endangered
Squalus crassispinus,47.6,1134.562599750022,Least Concern
Squalus cubensis,110,10719.447303356466,Least Concern
Squalus edmundsi,70,3190.7141474884793,Near Threatened
Squalus formosus,73.4,3623.3737698296677,Endangered
Squalus grahami,60.2,2129.4725940048666,Near Threatened
Squalus griffini,89.9,6240.509605065624,Least Concern
Squalus hemipinnis,52.2,1452.923097566646,Vulnerable
Squalus japonicus,91,6447.3432826829485,Endangered
Squalus lalannei,61.5,2255.0123483851617,Least Concern
Squalus margaretsmithae,54.3,1614.9830606220858,Least Concern
Squalus megalops,72,3441.039293761209,Least Concern
Squalus mitsukurii,89.8,6221.915882624647,Endangered
Squalus montalbani,84,5202.119234199062,Vulnerable
Squalus nasutus,49.9,1287.5785189849157,Near Threatened
Squalus notocaudatus,61.9,2294.550577952925,Least Concern
Squalus raoulensis,68.1,2963.782506014762,Least Concern
Squalus suckleyi,140,20463.398751342673,Least Concern
Squatina aculeata,188,45106.36163478947,Critically Endangered
Squatina africana,80,4564.253830503943,Near Threatened
Squatina albipunctata,98.5,17000,Vulnerable
Squatina argentina,170,34438.9602259596,Critically Endangered
Squatina australis,152,25511.41444725081,Least Concern
Squatina californica,152,25511.41444725081,Near Threatened
Squatina david,78.7,4368.105495104309,Near Threatened
Squatina dumeril,152,25511.41444725081,Least Concern
Squatina formosa,55.4,1704.198311667329,Endangered
Squatina guggenheim,129,16432.216865280418,Endangered
Squatina japonica,200,53245.70254992961,Vulnerable
Squatina legnota,134.1,18232.37687901379,Critically Endangered
Squatina occulta,120,13535.898739951816,Critically Endangered
Squatina oculata,160,29272.489423555493,Critically Endangered
Squatina pseudocellata,75.1,3852.774673263328,Least Concern
Squatina squatina,183,80000,Critically Endangered
Squatina tergocellata,135,18562.302419493753,Least Concern
Squatina tergocellatoides,63,2405.513182305948,Endangered
Squatina varii,124.2,14843.748473336214,Least Concern
Sutorectus tentaculatus,92,6639.057580804473,Least Concern
Sympterygia acuta,149.5,24401.933300775832,Critically Endangered
Sympterygia bonapartii,63,2405.513182305948,Near Threatened
Sympterygia brevicaudata,38,620.2329008392073,Near Threatened
Taeniura lymma,35,497.50566338913507,Near Threatened
Taeniurops meyeni,330,150000,Vulnerable
Telatrygon acutirostra,10.61,20.27895428520004,Near Threatened
Telatrygon zugei,29,300.4920009689459,Near Threatened
Temera hardwickii,46,1035.1816531783882,Vulnerable
Tetronarce californica,140,20463.398751342673,Least Concern
Tetronarce cowleyi,68,2952.1285024366134,Least Concern
Tetronarce occidentalis,154,60000,Least Concern
Tetronarce puelcha,110,10719.447303356466,Critically Endangered
Tetronarce tremens,90,6259.1381295637975,Least Concern
Torpedo adenensis,10.7,20.74344416183507,Endangered
Torpedo andersoni,22,143.27412063271612,Least Concern
Torpedo suessii,23.2,165.1992273362937,Critically Endangered
Triaenodon obesus,213,18250,Vulnerable
Triakis acutipinna,90,6259.1381295637975,Endangered
Triakis maculata,180,40142.49897184172,Critically Endangered
Triakis megalopterus,142,20000,Least Concern
Triakis scyllium,150,24621.35787718393,Least Concern
Triakis semifasciata,198,18420,Least Concern
Trigonognathus kabeyai,47,425.6,Least Concern
Trygonoptera galba,32.8,418.0292898666019,Least Concern
Trygonoptera imitata,68.9,3058.0539047267453,Least Concern
Trygonoptera mucosa,44,918.8775069565609,Least Concern
Trygonoptera ovalis,61,2206.19396173106,Least Concern
Trygonoptera personata,47,1096.6247904793313,Least Concern
Trygonoptera testacea,47,1096.6247904793313,Near Threatened
Trygonorrhina dumerilii,146,22900.25045668104,Least Concern
Trygonorrhina fasciata,126,6700,Least Concern
Typhlonarke aysoni,45,975.9434795636485,Least Concern
Urobatis concentricus,47.5,1128.1833967694427,Least Concern
Urobatis halleri,58,1360,Least Concern
Urobatis jamaicensis,76,3977.81580608374,Least Concern
Urobatis maculatus,42,811.1299417645272,Least Concern
Urobatis pardalis,46.2,1047.2928391635553,Least Concern
Urobatis tumbesensis,34.5,478.6785924535367,Vulnerable
Urogymnus asperrimus,147,23323.207734415417,Vulnerable
Urogymnus dalyensis,124,14779.74904527942,Least Concern
Urogymnus granulatus,141,20857.64332448083,Vulnerable
Urogymnus lobistoma,49.2,1239.7211785531968,Endangered
Urogymnus polylepis,240,600000,Endangered
Urolophus aurantiacus,40,711.6720661450178,Vulnerable
Urolophus bucculentus,80,4564.253830503943,Vulnerable
Urolophus circularis,60,2110.557690505931,Least Concern
Urolophus cruciatus,50,1294.5082530821128,Least Concern
Urolophus deforgesi,34.2,467.60015159708337,Least Concern
Urolophus expansus,47,1096.6247904793313,Least Concern
Urolophus flavomosaicus,59,2017.5638085501866,Least Concern
Urolophus gigas,70,3190.7141474884793,Least Concern
Urolophus kapalensis,43.3,880.2061260821919,Near Threatened
Urolophus lobatus,38,620.2329008392073,Least Concern
Urolophus mitosis,29,300.4920009689459,Least Concern
Urolophus neocaledoniensis,36.6,560.8493575360711,Least Concern
Urolophus orarius,31,359.32490701302584,Endangered
Urolophus papilio,31.3,368.7239817422444,Least Concern
Urolophus paucimaculatus,57,1839.382745288542,Least Concern
Urolophus piperatus,48.4,1186.411428741751,Least Concern
Urolophus sufflavus,42,811.1299417645272,Vulnerable
Urolophus viridis,44,918.8775069565609,Vulnerable
Urolophus westraliensis,36,536.5371065716666,Least Concern
Urotrygon aspidura,50,1294.5082530821128,Near Threatened
Urotrygon chilensis,41.9,805.962403378774,Near Threatened
Urotrygon cimar,38.2,629.0237870717807,Near Threatened
Urotrygon microphthalmum,11.8,26.966379171425185,Critically Endangered
Urotrygon munda,28.8,294.96796971993274,Near Threatened
Urotrygon nana,25,201.84358655859572,Near Threatened
Urotrygon reticulata,24.1,182.9464461889647,Critically Endangered
Urotrygon rogersi,46.2,1047.2928391635553,Near Threatened
Urotrygon simulatrix,26.7,240.7782110201534,Vulnerable
Urotrygon venezuelae,25.5,212.8495948542584,Endangered
Zameus squamulosus,84,5202.119234199062,Least Concern
Zapteryx brevirostris,53.4,758,Endangered
Zapteryx xyster,78,4264.7160853657715,Vulnerable
